{"stats":{"minecraft:used":{"minecraft:grass_block":1},"minecraft:picked_up":{"minecraft:porkchop":3},"minecraft:custom":{"minecraft:jump":20,"minecraft:time_since_rest":2004,"minecraft:damage_dealt":100,"minecraft:leave_game":1,"minecraft:sprint_one_cm":1148,"minecraft:play_time":2004,"minecraft:time_since_death":2004,"minecraft:walk_one_cm":3038,"minecraft:sneak_time":93,"minecraft:total_world_time":2004,"minecraft:mob_kills":1,"minecraft:fly_one_cm":25389},"minecraft:killed":{"minecraft:pig":1}},"DataVersion":3120}